{
  "train_loss": [
    0.10035707416840725
  ],
  "train_acc": [
    0.9407777777777778
  ],
  "val_loss": [
    0.006413321025669575
  ],
  "val_acc": [
    1.0
  ],
  "val_per_label": [
    [
      1.0,
      1.0,
      1.0,
      1.0,
      1.0,
      1.0
    ]
  ]
}