{
  "train_loss": [
    2.5186394612206353,
    2.235553282462226,
    1.9771474914126925,
    1.6781427460988363,
    1.43941559554206,
    1.2988659183926052,
    1.2015999967363145,
    1.126509434191386,
    1.064177110587226,
    1.023623872004615,
    0.9831144390106201,
    0.9489252882215712,
    0.9637837177064684,
    0.9269246406661139,
    0.9187456401613023,
    0.8916476271523369,
    0.9003806615829468,
    0.8842187942186991,
    0.900416852039761,
    0.8726610934999254,
    0.8824527466138204,
    0.8649219593048095,
    0.8559078209241231,
    0.8777708350499471,
    0.8467061606725057,
    0.8479375779681736,
    0.8702763557116191,
    0.845510555489858,
    0.8269519122229682,
    0.8315555043114556
  ],
  "train_acc": [
    0.16093333333333334,
    0.22991111111111112,
    0.3075333333333333,
    0.37884444444444443,
    0.4368888888888889,
    0.4709333333333333,
    0.49448888888888887,
    0.5081111111111111,
    0.5248666666666667,
    0.5311111111111111,
    0.5399333333333334,
    0.5502666666666667,
    0.5445111111111111,
    0.5499555555555555,
    0.5508444444444445,
    0.5624888888888889,
    0.5550888888888889,
    0.5599111111111111,
    0.5562888888888889,
    0.5584888888888889,
    0.5586,
    0.5606666666666666,
    0.5648222222222222,
    0.5597777777777778,
    0.5667555555555556,
    0.5658222222222222,
    0.5642222222222222,
    0.5683777777777778,
    0.5715555555555556,
    0.5736666666666667
  ],
  "val_loss": [
    2.325649562072754,
    2.0856812101364137,
    1.8152748607635498,
    1.4464740089416503,
    1.2243454315185547,
    1.1848233665466308,
    1.1175227960586547,
    1.1095655187606812,
    0.9925733541488647,
    0.9412019144058228,
    0.9012550325393677,
    0.89566156539917,
    0.8699680439949036,
    0.8510811631679535,
    0.8539615535736084,
    1.095789108467102,
    0.8153704124450684,
    0.8297491192817688,
    0.8194198572158814,
    0.8994943208694458,
    0.8122843502044678,
    0.8275899847984314,
    0.8701646783828735,
    0.8013645988464355,
    0.7966884220123291,
    0.8548496374130249,
    0.7973104410171509,
    0.7856786184310913,
    0.8041018284797669,
    0.7907181146144867
  ],
  "val_acc": [
    0.2068,
    0.2698,
    0.35,
    0.4382,
    0.4852,
    0.4894,
    0.5116,
    0.504,
    0.512,
    0.5384,
    0.5546,
    0.5568,
    0.552,
    0.5502,
    0.5444,
    0.5116,
    0.5648,
    0.5656,
    0.5568,
    0.5332,
    0.5698,
    0.5618,
    0.538,
    0.5592,
    0.5736,
    0.5544,
    0.5712,
    0.5562,
    0.5634,
    0.5694
  ],
  "val_per_pattern": [
    {
      "alternating": 0.2014863748967795,
      "repeating": 0.10625,
      "fixed_offset": 0.2249216300940439,
      "incrementing": 0.29764801297648014
    },
    {
      "alternating": 0.24525185796862098,
      "repeating": 0.1625,
      "fixed_offset": 0.32523510971786834,
      "incrementing": 0.34793187347931875
    },
    {
      "alternating": 0.4046242774566474,
      "repeating": 0.225,
      "fixed_offset": 0.43808777429467083,
      "incrementing": 0.33495539334955393
    },
    {
      "alternating": 0.4607762180016515,
      "repeating": 0.23984375,
      "fixed_offset": 0.45297805642633227,
      "incrementing": 0.6066504460665044
    },
    {
      "alternating": 0.4913294797687861,
      "repeating": 0.27265625,
      "fixed_offset": 0.5094043887147336,
      "incrementing": 0.6747769667477697
    },
    {
      "alternating": 0.4640792733278282,
      "repeating": 0.26796875,
      "fixed_offset": 0.45219435736677116,
      "incrementing": 0.7826439578264396
    },
    {
      "alternating": 0.5012386457473162,
      "repeating": 0.27265625,
      "fixed_offset": 0.47648902821316613,
      "incrementing": 0.8061638280616383
    },
    {
      "alternating": 0.46985962014863747,
      "repeating": 0.24921875,
      "fixed_offset": 0.44592476489028215,
      "incrementing": 0.862124898621249
    },
    {
      "alternating": 0.48720066061106526,
      "repeating": 0.2546875,
      "fixed_offset": 0.47648902821316613,
      "incrementing": 0.8402270884022709
    },
    {
      "alternating": 0.5012386457473162,
      "repeating": 0.2875,
      "fixed_offset": 0.5031347962382445,
      "incrementing": 0.8718572587185726
    },
    {
      "alternating": 0.5111478117258464,
      "repeating": 0.28359375,
      "fixed_offset": 0.5070532915360502,
      "incrementing": 0.9278183292781833
    },
    {
      "alternating": 0.49876135425268375,
      "repeating": 0.28984375,
      "fixed_offset": 0.5172413793103449,
      "incrementing": 0.9318734793187348
    },
    {
      "alternating": 0.4756399669694467,
      "repeating": 0.2796875,
      "fixed_offset": 0.5133228840125392,
      "incrementing": 0.9497161394971614
    },
    {
      "alternating": 0.46160198183319573,
      "repeating": 0.27109375,
      "fixed_offset": 0.5141065830721003,
      "incrementing": 0.9643146796431468
    },
    {
      "alternating": 0.4838976052848885,
      "repeating": 0.278125,
      "fixed_offset": 0.4945141065830721,
      "incrementing": 0.9318734793187348
    },
    {
      "alternating": 0.46573080099091657,
      "repeating": 0.2640625,
      "fixed_offset": 0.4717868338557994,
      "incrementing": 0.8548256285482563
    },
    {
      "alternating": 0.4962840627580512,
      "repeating": 0.30078125,
      "fixed_offset": 0.5141065830721003,
      "incrementing": 0.9586374695863747
    },
    {
      "alternating": 0.4962840627580512,
      "repeating": 0.30078125,
      "fixed_offset": 0.5117554858934169,
      "incrementing": 0.9643146796431468
    },
    {
      "alternating": 0.49876135425268375,
      "repeating": 0.2953125,
      "fixed_offset": 0.4772727272727273,
      "incrementing": 0.967558799675588
    },
    {
      "alternating": 0.47894302229562347,
      "repeating": 0.2828125,
      "fixed_offset": 0.4592476489028213,
      "incrementing": 0.9229521492295215
    },
    {
      "alternating": 0.49380677126341865,
      "repeating": 0.303125,
      "fixed_offset": 0.5415360501567398,
      "incrementing": 0.9505271695052717
    },
    {
      "alternating": 0.49050371593724196,
      "repeating": 0.309375,
      "fixed_offset": 0.4945141065830721,
      "incrementing": 0.9635036496350365
    },
    {
      "alternating": 0.4888521882741536,
      "repeating": 0.28203125,
      "fixed_offset": 0.4396551724137931,
      "incrementing": 0.9537712895377128
    },
    {
      "alternating": 0.48720066061106526,
      "repeating": 0.2953125,
      "fixed_offset": 0.5047021943573667,
      "incrementing": 0.9602595296025953
    },
    {
      "alternating": 0.5202312138728323,
      "repeating": 0.31171875,
      "fixed_offset": 0.5062695924764891,
      "incrementing": 0.967558799675588
    },
    {
      "alternating": 0.4772914946325351,
      "repeating": 0.28125,
      "fixed_offset": 0.5054858934169278,
      "incrementing": 0.9643146796431468
    },
    {
      "alternating": 0.5276630883567299,
      "repeating": 0.2828125,
      "fixed_offset": 0.5188087774294671,
      "incrementing": 0.967558799675588
    },
    {
      "alternating": 0.47398843930635837,
      "repeating": 0.278125,
      "fixed_offset": 0.5258620689655172,
      "incrementing": 0.9570154095701541
    },
    {
      "alternating": 0.49793559042113955,
      "repeating": 0.30078125,
      "fixed_offset": 0.5054858934169278,
      "incrementing": 0.9602595296025953
    },
    {
      "alternating": 0.4772914946325351,
      "repeating": 0.3125,
      "fixed_offset": 0.5352664576802508,
      "incrementing": 0.9618815896188159
    }
  ]
}