{
  "train_loss": [
    0.13273164294374487
  ],
  "train_acc": [
    0.9531111111111111
  ],
  "val_loss": [
    0.003112013661675155
  ],
  "val_acc": [
    1.0
  ]
}